<?xml version="1.0" encoding="UTF-8" standalone="no"?>
<project default="create_run_jar" name="Create Runnable Jar for Project javaProject4 with Jar-in-Jar Loader">
    <!--this file was created by Eclipse Runnable JAR Export Wizard-->
    <!--ANT 1.7 is required                                        -->
    <target name="create_run_jar">
        <jar destfile="C:/Users/Asher/Documents/GitHub/javaProject4/Blokus.jar">
            <manifest>
                <attribute name="Main-Class" value="org.eclipse.jdt.internal.jarinjarloader.JarRsrcLoader"/>
                <attribute name="Rsrc-Main-Class" value="server.Blokus"/>
                <attribute name="Class-Path" value="."/>
                <attribute name="Rsrc-Class-Path" value="./ sqlite-jdbc-3.7.15-M1.jar"/>
            </manifest>
            <zipfileset src="jar-in-jar-loader.zip"/>
            <fileset dir="C:/Users/Asher/Documents/GitHub/javaProject4/bin"/>
            <zipfileset dir="C:\Users\Asher\Documents\GitHub\javaProject4" includes="sqlite-jdbc-3.7.15-M1.jar"/>
        </jar>
    </target>
</project>
